City_ID,City,Country,Date,Lat,Lng,Max Temp,Humidity,Cloudiness,Wind Speed,Current Description
0,Bluff,NZ,2020-12-28 00:53:39,-46.6,168.33,56.52,61,0,9.42,clear sky
1,Saskylakh,RU,2020-12-28 00:53:56,71.92,114.08,-13.4,86,100,20.67,overcast clouds
2,Yerbogachen,RU,2020-12-28 00:59:41,61.28,108.01,-21.75,85,100,8.68,overcast clouds
3,Busselton,AU,2020-12-28 00:53:25,-33.65,115.33,66.0,54,0,7.0,clear sky
4,Mataura,NZ,2020-12-28 00:53:20,-46.19,168.86,72.34,29,0,2.3,clear sky
5,Ancud,CL,2020-12-28 00:54:10,-41.87,-73.82,62.01,87,90,2.24,overcast clouds
6,Guanica,PR,2020-12-28 01:00:31,17.97,-66.91,75.99,84,17,3.29,few clouds
7,Muisne,EC,2020-12-28 01:00:31,0.6,-80.03,74.73,84,100,7.87,overcast clouds
8,Torbay,CA,2020-12-28 00:53:48,47.67,-52.73,37.99,100,90,6.93,overcast clouds
9,Bossangoa,CF,2020-12-28 01:00:31,6.49,17.46,71.35,34,82,2.73,broken clouds
10,Chokurdakh,RU,2020-12-28 00:53:20,70.63,147.92,-32.01,82,18,4.54,few clouds
11,Puerto Ayora,EC,2020-12-28 00:53:10,-0.74,-90.35,73.0,91,100,3.0,overcast clouds
12,Rikitea,PF,2020-12-28 00:53:17,-23.12,-134.97,78.58,79,88,14.97,light rain
13,Glens Falls,US,2020-12-28 01:00:03,43.31,-73.64,28.0,79,1,3.29,clear sky
14,Praia Da Vitoria,PT,2020-12-28 00:55:24,38.73,-27.07,55.4,76,90,10.11,overcast clouds
15,Qaanaaq,GL,2020-12-28 00:54:08,77.48,-69.36,-3.87,70,74,7.81,broken clouds
16,Tuatapere,NZ,2020-12-28 00:55:12,-46.13,167.68,66.7,41,0,5.44,clear sky
17,Balabac,PH,2020-12-28 01:00:33,7.99,117.06,82.08,79,96,12.46,overcast clouds
18,Cidreira,BR,2020-12-28 00:53:33,-30.18,-50.21,73.98,82,94,18.86,overcast clouds
19,Manokwari,ID,2020-12-28 00:59:52,-0.87,134.08,81.59,75,100,5.32,overcast clouds
20,Mar Del Plata,AR,2020-12-28 00:51:02,-38.0,-57.56,69.01,94,90,12.75,overcast clouds
21,Hobart,AU,2020-12-28 00:49:06,-42.88,147.33,63.0,47,40,9.17,scattered clouds
22,Jamestown,US,2020-12-28 00:53:54,42.1,-79.24,33.01,80,1,17.0,clear sky
23,Hithadhoo,MV,2020-12-28 00:53:37,-0.6,73.08,81.82,74,33,7.2,scattered clouds
24,Barrow,US,2020-12-28 00:53:14,71.29,-156.79,-5.8,76,90,9.17,overcast clouds
25,Bambous Virieux,MU,2020-12-28 00:58:34,-20.34,57.76,77.0,83,40,11.41,shower rain
26,Ushuaia,AR,2020-12-28 00:53:14,-54.8,-68.3,64.4,18,20,14.99,few clouds
27,Coihaique,CL,2020-12-28 00:55:32,-45.58,-72.07,69.8,46,40,6.93,scattered clouds
28,Olafsvik,IS,2020-12-28 00:53:22,64.89,-23.71,32.85,89,14,30.06,few clouds
29,Anadyr,RU,2020-12-28 00:54:10,64.75,177.48,12.2,78,20,38.03,few clouds
30,Bocaiuva,BR,2020-12-28 01:00:36,-17.11,-43.81,69.87,85,100,5.86,overcast clouds
31,Pacific Grove,US,2020-12-28 00:57:00,36.62,-121.92,55.4,71,1,8.05,clear sky
32,Kununurra,AU,2020-12-28 01:00:36,-15.77,128.73,86.0,74,90,2.59,overcast clouds
33,Dikson,RU,2020-12-28 00:53:34,73.51,80.55,-14.62,89,0,6.8,clear sky
34,Dudinka,RU,2020-12-28 00:54:23,69.41,86.18,-36.4,73,0,6.71,clear sky
35,Chuy,UY,2020-12-28 00:53:46,-33.7,-53.46,69.33,90,14,11.63,few clouds
36,Cabo San Lucas,MX,2020-12-28 00:49:16,22.89,-109.91,75.2,43,5,11.41,clear sky
37,Mehamn,NO,2020-12-28 00:58:36,71.04,27.85,23.5,89,100,28.59,overcast clouds
38,Tocache,PE,2020-12-28 01:00:38,-8.18,-76.51,71.2,81,100,0.83,overcast clouds
39,Portland,US,2020-12-28 00:51:47,45.52,-122.68,48.99,64,51,1.01,broken clouds
40,Sao Paulo De Olivenca,BR,2020-12-28 01:00:39,-3.38,-68.87,74.32,95,100,2.17,light rain
41,Thompson,CA,2020-12-28 00:53:58,55.74,-97.86,-20.2,75,20,10.29,few clouds
42,Tuktoyaktuk,CA,2020-12-28 00:53:14,69.45,-133.04,-5.8,83,90,3.36,mist
43,Tiksi,RU,2020-12-28 00:53:32,71.69,128.87,2.71,92,100,15.37,overcast clouds
44,Punta Arenas,CL,2020-12-28 00:53:18,-53.15,-70.92,55.4,50,0,20.8,clear sky
45,Meschede,DE,2020-12-28 01:00:40,51.35,8.28,41.0,89,100,1.01,light rain
46,Semnan,IR,2020-12-28 01:00:40,35.57,53.4,34.02,73,0,1.36,clear sky
47,Ribeira Grande,PT,2020-12-28 00:53:18,38.52,-28.7,57.06,71,100,15.3,overcast clouds
48,Mopipi,BW,2020-12-28 01:00:40,-21.18,24.88,77.72,61,98,11.92,light rain
49,Rafai,CF,2020-12-28 01:00:41,4.95,23.92,71.65,64,97,1.14,overcast clouds
50,Bredasdorp,ZA,2020-12-28 00:54:00,-34.53,20.04,59.0,82,44,1.12,scattered clouds
51,Khromtau,KZ,2020-12-28 00:59:03,50.25,58.43,22.39,98,100,20.29,light snow
52,Kaitangata,NZ,2020-12-28 00:54:19,-46.28,169.85,57.0,68,0,18.01,clear sky
53,Kermanshah,IR,2020-12-28 01:00:42,34.31,47.06,33.8,55,75,1.36,broken clouds
54,Hilo,US,2020-12-28 00:53:29,19.73,-155.09,77.0,69,75,6.93,light rain
55,Port Alfred,ZA,2020-12-28 00:54:03,-33.59,26.89,66.99,87,1,4.0,clear sky
56,Lebu,CL,2020-12-28 00:54:11,-37.62,-73.65,60.01,93,5,9.22,clear sky
57,Beloha,MG,2020-12-28 00:54:38,-25.17,45.05,76.8,75,0,4.52,clear sky
58,East London,ZA,2020-12-28 00:53:17,-33.02,27.91,69.8,68,75,8.86,broken clouds
59,Solnechnyy,RU,2020-12-28 01:00:43,50.72,136.63,-14.24,82,12,1.21,few clouds
60,Kwinana,AU,2020-12-28 01:00:43,-32.25,115.77,71.01,42,0,18.34,clear sky
61,Carnarvon,AU,2020-12-28 00:53:48,-24.87,113.63,91.4,36,0,11.41,clear sky
62,Elmira,US,2020-12-28 01:00:45,42.09,-76.81,32.0,93,1,4.7,clear sky
63,Castro,BR,2020-12-28 00:49:47,-24.79,-50.01,62.67,97,1,7.63,clear sky
64,Namibe,AO,2020-12-28 00:54:32,-15.2,12.15,71.29,73,100,3.62,overcast clouds
65,Palm Beach,US,2020-12-28 01:00:46,26.65,-80.45,63.0,89,9,1.99,clear sky
66,Anloga,GH,2020-12-28 01:00:47,5.79,0.9,80.6,88,20,4.7,few clouds
67,Codrington,AU,2020-12-28 00:54:12,-38.27,141.97,59.29,47,100,11.61,overcast clouds
68,Ukiah,US,2020-12-28 01:00:30,39.15,-123.21,50.0,66,1,2.3,clear sky
69,Butaritari,KI,2020-12-28 00:53:48,3.07,172.79,81.68,79,100,21.85,overcast clouds
70,Ahipara,NZ,2020-12-28 00:54:21,-35.17,173.17,64.42,52,9,12.28,clear sky
71,Ketchikan,US,2020-12-28 01:00:48,55.34,-131.65,33.96,90,27,3.18,scattered clouds
72,Sola,VU,2020-12-28 00:55:27,-13.88,167.55,83.59,73,7,7.31,clear sky
73,New Norfolk,AU,2020-12-28 00:53:49,-42.78,147.06,63.0,38,85,5.01,overcast clouds
74,Faanui,PF,2020-12-28 00:53:56,-16.48,-151.75,80.74,69,100,7.18,overcast clouds
75,Saldanha,ZA,2020-12-28 00:54:24,-33.01,17.94,59.0,77,0,9.17,clear sky
76,Sitka,US,2020-12-28 00:53:44,57.05,-135.33,37.4,93,90,3.36,light rain
77,Dolores,AR,2020-12-28 01:00:49,-36.31,-57.68,71.49,79,97,15.79,overcast clouds
78,Souillac,MU,2020-12-28 00:54:42,-20.52,57.52,77.0,83,40,11.41,shower rain
79,Uniao,BR,2020-12-28 01:00:49,-4.59,-42.86,84.2,66,0,3.36,clear sky
80,Channel-Port Aux Basques,CA,2020-12-28 01:00:50,47.57,-59.14,32.65,87,2,15.52,clear sky
81,Atuona,PF,2020-12-28 00:53:32,-9.8,-139.03,79.12,74,0,15.97,clear sky
82,Yar-Sale,RU,2020-12-28 00:53:50,66.83,70.83,-24.52,85,98,16.37,overcast clouds
83,Panguna,PG,2020-12-28 01:00:51,-6.32,155.48,77.49,87,69,1.63,moderate rain
84,Saint Anthony,US,2020-12-28 00:49:36,45.02,-93.22,23.0,92,90,12.75,light snow
85,Singkawang,ID,2020-12-28 01:00:51,0.9,109.0,81.7,75,0,5.28,clear sky
86,Nemuro,JP,2020-12-28 00:54:02,43.32,145.57,17.6,78,20,2.24,few clouds
87,Labuhan,ID,2020-12-28 00:54:01,-6.88,112.21,77.47,86,100,5.32,light rain
88,Reconquista,AR,2020-12-28 01:00:27,-29.15,-59.65,79.45,52,16,5.79,few clouds
89,Bethel,US,2020-12-28 00:54:16,41.37,-73.41,28.99,68,1,4.7,clear sky
90,Paamiut,GL,2020-12-28 00:55:14,61.99,-49.67,39.74,87,100,34.94,moderate rain
91,Susanville,US,2020-12-28 01:00:53,40.42,-120.65,33.8,86,1,3.36,clear sky
92,Rio Grande,BR,2020-12-28 00:58:50,-32.03,-52.1,73.99,85,29,5.99,scattered clouds
93,Bonnyville,CA,2020-12-28 01:00:53,54.27,-110.73,12.2,85,75,4.61,broken clouds
94,Deogarh,IN,2020-12-28 01:00:53,21.53,84.73,52.39,55,0,0.96,clear sky
95,Ixtapa,MX,2020-12-28 00:59:22,20.7,-105.2,71.6,83,75,8.05,broken clouds
96,Longyearbyen,SJ,2020-12-28 00:53:59,78.22,15.64,23.0,67,40,25.28,scattered clouds
97,Poronaysk,RU,2020-12-28 01:00:54,49.22,143.12,-5.28,86,9,6.04,clear sky
98,Kodiak,US,2020-12-28 00:53:42,57.79,-152.41,37.4,86,90,13.87,moderate rain
99,Novocheremshansk,RU,2020-12-28 01:00:54,54.36,50.17,9.21,96,92,4.92,overcast clouds
100,Albany,US,2020-12-28 00:49:07,42.6,-73.97,32.0,66,100,5.84,overcast clouds
101,Georgetown,MY,2020-12-28 00:50:17,5.41,100.34,77.0,94,20,5.82,few clouds
102,Avarua,CK,2020-12-28 00:54:10,-21.21,-159.78,82.4,74,14,3.36,few clouds
103,Iqaluit,CA,2020-12-28 00:55:14,63.75,-68.51,21.2,79,90,8.05,light snow
104,Hit,IQ,2020-12-28 01:00:55,33.64,42.83,48.99,45,66,4.36,broken clouds
105,Anstruther,GB,2020-12-28 01:00:56,56.22,-2.7,32.0,86,0,4.7,clear sky
106,Mackenzie,CA,2020-12-28 01:00:56,55.3,-123.17,28.4,92,90,5.82,light snow
107,Yamada,JP,2020-12-28 00:53:21,39.47,141.95,44.46,65,100,2.91,overcast clouds
108,Kuliyapitiya,LK,2020-12-28 01:00:56,7.47,80.04,73.4,100,0,2.24,clear sky
109,Hermanus,ZA,2020-12-28 00:53:17,-34.42,19.23,59.0,86,35,12.68,scattered clouds
110,Lavrentiya,RU,2020-12-28 00:59:09,65.58,-171.0,8.83,91,100,21.74,overcast clouds
111,Severo-Kurilsk,RU,2020-12-28 00:53:26,50.68,156.12,25.81,96,100,16.75,snow
112,Cayenne,GF,2020-12-28 00:53:46,4.93,-52.33,77.0,100,0,10.45,clear sky
113,Puerto Madryn,AR,2020-12-28 00:58:04,-42.77,-65.04,75.36,48,100,18.9,overcast clouds
114,Port-Gentil,GA,2020-12-28 00:59:50,-0.72,8.78,80.51,79,99,4.32,light rain
115,Road Town,VG,2020-12-28 00:53:55,18.42,-64.62,77.0,83,40,4.7,scattered clouds
116,Medicine Hat,CA,2020-12-28 01:00:42,50.05,-110.67,19.4,85,90,3.87,overcast clouds
117,Northam,GB,2020-12-28 00:53:33,51.03,-4.22,44.01,83,75,7.0,broken clouds
118,San Andres,CO,2020-12-28 00:54:24,12.58,-81.7,77.0,88,90,9.17,light rain
119,Yumen,CN,2020-12-28 00:55:22,40.28,97.2,14.11,87,100,1.59,overcast clouds
120,Bathsheba,BB,2020-12-28 00:54:14,13.22,-59.52,78.8,83,20,17.22,few clouds
121,Palanga,LT,2020-12-28 01:00:59,55.92,21.07,30.2,68,0,17.22,clear sky
122,Margate,GB,2020-12-28 00:55:18,51.38,1.39,43.0,96,94,1.99,overcast clouds
123,Bengkulu,ID,2020-12-28 00:51:31,-3.8,102.27,79.57,75,94,3.49,light rain
124,Kavieng,PG,2020-12-28 00:54:32,-2.57,150.8,85.73,64,17,10.25,few clouds
125,Mosbach,DE,2020-12-28 01:01:00,49.35,9.14,41.0,94,100,7.0,light rain
126,Airai,TL,2020-12-28 00:54:04,-8.93,125.41,70.75,83,100,1.7,overcast clouds
127,Harper,LR,2020-12-28 00:54:12,4.38,-7.72,78.3,86,100,6.6,overcast clouds
128,Manggar,ID,2020-12-28 00:54:10,-2.88,108.27,82.51,77,100,7.96,light rain
129,Beyneu,KZ,2020-12-28 00:53:54,45.32,55.2,25.29,93,100,10.45,overcast clouds
130,Hays,US,2020-12-28 01:01:01,30.05,-98.03,64.0,60,0,6.2,clear sky
131,Khor,RU,2020-12-28 01:01:01,47.89,134.95,-6.21,79,0,12.19,clear sky
132,Shaunavon,CA,2020-12-28 01:01:01,49.65,-108.42,15.8,85,81,10.29,broken clouds
133,Natal,BR,2020-12-28 00:55:01,-5.79,-35.21,80.6,74,40,13.87,scattered clouds
134,Shimoda,JP,2020-12-28 00:54:55,34.67,138.95,50.0,87,75,4.7,light rain
135,Nanortalik,GL,2020-12-28 00:53:30,60.14,-45.24,39.69,85,100,20.33,light rain
136,Arraial Do Cabo,BR,2020-12-28 00:53:35,-22.97,-42.03,75.2,94,0,8.05,clear sky
137,Kano,NG,2020-12-28 01:01:02,12.0,8.52,59.0,58,0,2.24,clear sky
138,Lakatoro,VU,2020-12-28 01:01:02,-16.1,167.42,86.0,74,40,9.17,light rain
139,Cape Town,ZA,2020-12-28 00:51:20,-33.93,18.42,64.0,72,0,16.11,clear sky
140,Esperance,AU,2020-12-28 00:59:50,-33.87,121.9,62.6,48,0,9.17,clear sky
141,Chapais,CA,2020-12-28 00:52:56,49.78,-74.85,6.8,84,90,6.93,light snow
142,Ponta Do Sol,PT,2020-12-28 00:54:05,32.67,-17.1,60.8,72,20,12.75,few clouds
143,Balkanabat,TM,2020-12-28 00:54:43,39.51,54.37,37.96,64,0,5.86,clear sky
144,Wonthaggi,AU,2020-12-28 01:01:04,-38.6,145.59,66.0,51,100,7.94,overcast clouds
145,Aksu,CN,2020-12-28 00:54:40,41.12,80.26,16.79,90,5,1.99,clear sky
146,Kieta,PG,2020-12-28 01:01:04,-6.22,155.63,85.15,69,80,5.12,light rain
147,Nikolskoye,RU,2020-12-28 00:53:42,59.7,30.79,28.4,86,90,8.95,overcast clouds
148,Tasgaon,IN,2020-12-28 01:01:05,17.03,74.6,63.64,57,97,2.68,overcast clouds
149,Tshikapa,CD,2020-12-28 00:54:39,-6.42,20.8,70.83,90,99,0.76,overcast clouds
150,Macapa,BR,2020-12-28 00:58:52,0.04,-51.07,80.6,88,75,3.36,moderate rain
151,Grindavik,IS,2020-12-28 00:53:35,63.84,-22.43,33.8,69,0,29.97,clear sky
152,Pevek,RU,2020-12-28 00:53:40,69.7,170.31,-22.86,87,84,3.24,broken clouds
153,Touros,BR,2020-12-28 00:53:24,-5.2,-35.46,77.0,83,40,8.05,scattered clouds
154,Lethem,GY,2020-12-28 00:59:35,3.38,-59.8,79.65,72,100,8.88,overcast clouds
155,Cherskiy,RU,2020-12-28 00:53:48,68.75,161.3,-33.05,83,0,2.62,clear sky
156,Talnakh,RU,2020-12-28 00:53:51,69.49,88.4,-36.4,73,0,6.71,clear sky
157,Provideniya,RU,2020-12-28 00:53:41,64.38,-173.3,8.74,92,100,28.86,overcast clouds
158,Nabire,ID,2020-12-28 01:01:07,-3.37,135.48,75.97,90,100,2.93,light rain
159,Pontianak,ID,2020-12-28 00:56:18,-0.03,109.33,80.42,84,5,3.04,clear sky
160,Mwinilunga,ZM,2020-12-28 01:01:08,-11.74,24.43,64.4,96,100,3.8,light rain
161,Kosonsoy,UZ,2020-12-28 01:01:08,41.26,71.55,30.2,86,90,2.24,light snow
162,Husavik,IS,2020-12-28 00:53:50,66.04,-17.34,32.0,91,75,23.04,light snow
163,Voznesenye,RU,2020-12-28 01:01:08,61.01,35.48,17.19,92,100,8.48,overcast clouds
164,Faya,SA,2020-12-28 00:53:53,18.39,42.45,51.8,57,0,2.51,clear sky
165,Marsh Harbour,BS,2020-12-28 01:00:13,26.54,-77.06,69.4,71,0,22.44,clear sky
166,Nichinan,JP,2020-12-28 01:01:09,31.6,131.37,51.8,100,75,5.82,broken clouds
167,Kalamazoo,US,2020-12-28 01:00:41,42.25,-85.55,42.8,93,90,4.7,overcast clouds
168,Biaora,IN,2020-12-28 01:01:10,23.87,76.92,50.41,44,0,6.6,clear sky
169,Doaba,PK,2020-12-28 01:01:10,33.42,70.74,35.13,78,0,2.26,clear sky
170,Clyde River,CA,2020-12-28 00:52:09,70.47,-68.59,-11.2,83,100,27.51,snow
171,Leningradskiy,RU,2020-12-28 00:59:46,69.38,178.42,-10.93,77,0,4.16,clear sky
172,Kendari,ID,2020-12-28 00:54:18,-3.94,122.5,82.76,79,100,2.08,overcast clouds
173,Vaini,TO,2020-12-28 00:53:17,-21.2,-175.2,82.4,88,75,3.36,moderate rain
174,Isangel,VU,2020-12-28 00:58:31,-19.55,169.27,82.06,71,74,9.46,broken clouds
175,Caravelas,BR,2020-12-28 00:54:30,-17.71,-39.25,74.93,87,0,5.57,clear sky
176,Adeje,ES,2020-12-28 01:01:12,28.12,-16.73,60.8,77,20,3.36,few clouds
177,Ulladulla,AU,2020-12-28 01:01:12,-35.35,150.47,64.4,82,90,17.22,overcast clouds
178,Sexsmith,CA,2020-12-28 01:01:13,55.35,-118.79,10.4,92,40,2.24,scattered clouds
179,Dawlatabad,AF,2020-12-28 01:01:13,36.41,64.91,21.97,94,0,2.68,clear sky
180,Kajaani,FI,2020-12-28 01:01:13,64.23,27.73,26.6,86,90,14.99,overcast clouds
181,Te Anau,NZ,2020-12-28 00:53:47,-45.42,167.72,67.69,39,0,2.75,clear sky
182,Tasiilaq,GL,2020-12-28 00:54:43,65.61,-37.64,26.6,49,100,2.24,overcast clouds
183,Rudnogorsk,RU,2020-12-28 01:01:14,57.26,103.75,-34.53,84,97,1.48,overcast clouds
184,Kapaa,US,2020-12-28 00:53:41,22.08,-159.32,80.6,69,75,14.99,broken clouds
185,Deep River,CA,2020-12-28 01:01:15,46.1,-77.5,25.0,73,90,10.29,overcast clouds
186,Kaspiysk,RU,2020-12-28 01:01:15,42.88,47.64,33.8,74,47,6.71,scattered clouds
187,Yellowknife,CA,2020-12-28 00:49:38,62.46,-114.35,1.4,84,75,12.75,broken clouds
188,Cotonou,BJ,2020-12-28 01:01:16,6.37,2.42,82.4,83,20,4.7,few clouds
189,Meulaboh,ID,2020-12-28 01:01:16,4.14,96.13,77.83,86,22,3.36,few clouds
190,Pochutla,MX,2020-12-28 00:58:55,15.74,-96.47,77.0,73,5,1.34,clear sky
191,Verkhniye Sergi,RU,2020-12-28 01:01:17,56.65,59.56,17.42,96,89,6.51,overcast clouds
192,Kruisfontein,ZA,2020-12-28 00:53:20,-34.0,24.73,64.99,79,0,4.14,clear sky
193,Miyako,JP,2020-12-28 01:01:17,39.64,141.95,44.15,64,96,1.83,overcast clouds
194,Mahebourg,MU,2020-12-28 00:54:28,-20.41,57.7,77.0,83,40,11.41,shower rain
195,Launceston,AU,2020-12-28 01:01:18,-41.45,147.17,63.0,44,40,9.17,scattered clouds
196,Sao Joao Da Barra,BR,2020-12-28 00:55:13,-21.64,-41.05,75.9,86,100,15.93,overcast clouds
197,Hirado,JP,2020-12-28 01:01:18,33.36,129.55,57.99,87,20,12.75,few clouds
198,Gubkinskiy,RU,2020-12-28 01:01:18,64.43,76.5,-27.27,80,100,21.36,overcast clouds
199,Isiro,CD,2020-12-28 01:01:19,2.77,27.62,66.81,97,0,1.32,clear sky
200,Mikuni,JP,2020-12-28 00:58:21,36.22,136.15,48.2,76,75,5.82,broken clouds
201,Constitucion,CL,2020-12-28 00:53:30,-35.33,-72.42,58.19,92,16,10.16,few clouds
202,Ryotsu,JP,2020-12-28 01:01:19,38.08,138.43,41.0,93,75,8.05,light intensity shower rain
203,Kolyvan,RU,2020-12-28 01:01:20,55.31,82.74,-34.6,73,100,4.47,mist
204,Asfi,MA,2020-12-28 01:01:20,32.3,-9.24,56.12,76,0,7.31,clear sky
205,Ribas Do Rio Pardo,BR,2020-12-28 01:01:20,-20.44,-53.76,74.48,89,32,2.39,scattered clouds
206,Nizwa,OM,2020-12-28 01:01:20,22.93,57.53,52.32,43,0,3.13,clear sky
207,Lagoa,PT,2020-12-28 00:55:30,39.05,-27.98,56.88,71,100,9.98,overcast clouds
208,Jalu,LY,2020-12-28 01:01:21,29.03,21.55,52.34,54,0,7.27,clear sky
209,Marandahalli,IN,2020-12-28 01:01:21,12.4,78.0,59.99,92,0,3.8,clear sky
210,Omsukchan,RU,2020-12-28 01:01:21,62.53,155.8,-29.06,81,92,4.41,overcast clouds
211,Cockburn Town,TC,2020-12-28 00:58:49,21.46,-71.14,75.2,83,40,6.93,light rain
212,Thunder Bay,CA,2020-12-28 01:01:22,48.4,-89.32,12.2,85,75,4.7,broken clouds
213,Chik,RU,2020-12-28 01:01:22,54.99,82.43,-34.6,73,100,4.47,mist
214,Kalmunai,LK,2020-12-28 00:53:47,7.42,81.82,76.32,89,100,8.88,moderate rain
215,Smithers,CA,2020-12-28 01:00:09,54.78,-127.17,30.2,74,75,2.24,light snow
216,Razole,IN,2020-12-28 01:01:23,16.48,81.83,63.59,93,92,4.12,overcast clouds
217,Auki,SB,2020-12-28 00:54:33,-8.77,160.7,85.69,71,100,3.38,moderate rain
218,Buraydah,SA,2020-12-28 00:52:07,26.33,43.98,46.4,81,75,10.29,broken clouds
219,Camana,PE,2020-12-28 00:59:27,-16.62,-72.71,71.17,76,100,5.73,overcast clouds
220,Baiquan,CN,2020-12-28 01:01:24,47.58,126.08,-7.89,90,24,3.69,few clouds
221,Narsaq,GL,2020-12-28 00:54:41,60.92,-46.05,33.8,64,100,5.82,moderate rain
222,Banikoara,BJ,2020-12-28 01:01:24,11.3,2.44,65.98,26,54,5.1,broken clouds
223,Bousse,BF,2020-12-28 01:01:24,12.66,-1.89,71.6,26,46,5.82,scattered clouds
224,Krasnoselkup,RU,2020-12-28 00:53:19,65.7,82.47,-33.09,81,0,10.04,clear sky
225,Voh,NC,2020-12-28 01:01:25,-20.97,164.7,85.57,62,13,5.03,few clouds
226,Saint-Paul,RE,2020-12-28 01:01:25,-21.01,55.27,77.0,69,40,14.99,scattered clouds
227,Tyachiv,UA,2020-12-28 01:01:25,48.01,23.57,42.01,92,100,6.87,overcast clouds
228,Kiunga,PG,2020-12-28 01:01:25,-6.12,141.29,73.89,97,100,1.23,light rain
229,Burnie,AU,2020-12-28 00:55:27,-41.07,145.92,59.0,41,100,8.01,overcast clouds
230,Inta,RU,2020-12-28 01:01:26,66.03,60.17,-16.13,81,96,11.36,overcast clouds
231,Lima,PE,2020-12-28 00:55:01,-12.04,-77.03,69.8,77,75,10.29,broken clouds
232,Rodrigues Alves,BR,2020-12-28 00:59:05,-7.74,-72.65,70.97,99,100,2.3,overcast clouds
233,Sorland,NO,2020-12-28 00:54:52,67.67,12.69,38.21,77,100,29.77,overcast clouds
234,At-Bashi,KG,2020-12-28 01:01:27,41.17,75.81,3.31,73,0,3.09,clear sky
235,Grand Gaube,MU,2020-12-28 00:54:41,-20.01,57.66,75.99,87,78,5.99,moderate rain
236,Caramay,PH,2020-12-28 01:01:27,10.18,119.24,82.4,77,98,5.39,overcast clouds
237,Victoria,HK,2020-12-28 00:54:02,22.29,114.16,70.0,70,0,13.15,clear sky
238,Witu,KE,2020-12-28 01:01:27,-2.39,40.44,73.31,92,0,3.2,clear sky
239,Energetik,RU,2020-12-28 01:01:28,51.74,58.79,24.01,98,100,13.58,snow
240,Sorong,ID,2020-12-28 00:54:23,-0.88,131.25,83.64,74,82,7.92,broken clouds
241,Richards Bay,ZA,2020-12-28 00:53:45,-28.78,32.04,73.71,81,65,10.98,broken clouds
242,Saint-Louis,SN,2020-12-28 00:54:00,16.33,-15.0,82.4,30,0,2.24,clear sky
243,Hobyo,SO,2020-12-28 00:53:48,5.35,48.53,77.32,77,35,16.98,scattered clouds
244,Novikovo,RU,2020-12-28 01:01:29,51.15,37.89,15.03,96,0,3.44,clear sky
245,La Palma,US,2020-12-28 01:01:29,33.85,-118.05,59.0,67,1,9.17,clear sky
246,Ginir,ET,2020-12-28 01:01:29,7.13,40.7,54.0,45,0,5.23,clear sky
247,Norman Wells,CA,2020-12-28 00:53:53,65.28,-126.83,-7.6,83,75,3.36,broken clouds
248,Laguna,US,2020-12-28 00:54:59,38.42,-121.42,55.4,54,1,5.82,clear sky
249,Xunchang,CN,2020-12-28 01:01:30,28.45,104.72,46.99,78,100,2.13,overcast clouds
250,Nkwerre,NG,2020-12-28 01:01:30,5.76,7.11,74.66,87,42,4.09,scattered clouds
251,Nouadhibou,MR,2020-12-28 00:54:37,20.93,-17.03,66.2,82,0,9.17,clear sky
252,Sibolga,ID,2020-12-28 00:57:35,1.74,98.78,79.39,69,100,2.68,overcast clouds
253,Fairbanks,US,2020-12-28 00:50:03,64.84,-147.72,-2.2,77,90,4.16,overcast clouds
254,Sechura,PE,2020-12-28 00:53:19,-5.56,-80.82,71.96,71,99,15.55,overcast clouds
255,Udachnyy,RU,2020-12-28 01:01:32,66.42,112.4,-4.0,76,90,8.95,light snow
256,Luderitz,NA,2020-12-28 00:54:25,-26.65,15.16,64.4,72,0,19.46,clear sky
257,Evensk,RU,2020-12-28 00:55:23,61.95,159.23,3.38,83,30,11.07,scattered clouds
258,Rio Gallegos,AR,2020-12-28 01:01:32,-51.62,-69.22,66.2,16,0,17.22,clear sky
259,Nefteyugansk,RU,2020-12-28 00:58:03,61.1,72.6,-5.8,76,90,15.66,light snow
260,Cuenca,EC,2020-12-28 00:59:37,-2.88,-78.98,55.4,82,75,11.41,broken clouds
261,Mahon,ES,2020-12-28 01:01:33,39.89,4.27,57.2,71,0,25.28,clear sky
262,Storforshei,NO,2020-12-28 01:01:33,66.4,14.52,21.6,89,100,10.07,overcast clouds
263,Sarahan,IN,2020-12-28 01:01:33,31.52,77.8,29.34,83,100,1.97,light snow
264,Kapit,MY,2020-12-28 00:54:28,2.02,112.93,79.65,85,92,1.07,overcast clouds
265,Tukrah,LY,2020-12-28 01:01:35,32.53,20.58,57.4,62,0,10.22,clear sky
266,Palafrugell,ES,2020-12-28 01:01:35,41.92,3.16,52.0,25,0,28.59,clear sky
267,Serabu,SL,2020-12-28 01:01:35,7.8,-12.05,74.59,95,0,1.34,clear sky
268,Karratha,AU,2020-12-28 00:55:11,-20.74,116.85,87.53,58,98,10.89,overcast clouds
269,Nome,US,2020-12-28 00:54:53,64.5,-165.41,27.0,92,90,26.4,light snow
270,Hami,CN,2020-12-28 00:53:51,42.8,93.45,13.84,84,0,10.29,clear sky
271,Owando,CG,2020-12-28 00:55:23,-0.48,15.9,72.0,91,100,1.72,overcast clouds
272,Durban,ZA,2020-12-28 01:01:36,-29.86,31.03,73.4,78,40,8.05,light rain
273,Kurumkan,RU,2020-12-28 01:01:36,54.3,110.3,-14.37,77,100,3.8,overcast clouds
274,Fuling,CN,2020-12-28 01:01:37,29.7,107.39,49.41,74,100,1.3,overcast clouds
275,Iturama,BR,2020-12-28 01:01:37,-19.73,-50.2,75.43,74,11,5.21,few clouds
276,Port Elizabeth,ZA,2020-12-28 00:54:28,-33.92,25.57,62.6,82,0,9.17,clear sky
277,Baykit,RU,2020-12-28 00:58:06,61.67,96.37,-31.9,78,5,1.28,clear sky
278,Necochea,AR,2020-12-28 00:54:46,-38.55,-58.74,73.0,76,0,20.27,clear sky
279,Port Lincoln,AU,2020-12-28 00:55:28,-34.73,135.87,59.65,51,99,7.94,overcast clouds
280,Abha,SA,2020-12-28 01:01:38,18.22,42.51,51.8,57,0,1.99,clear sky
281,Bahir Dar,ET,2020-12-28 01:00:32,11.59,37.39,62.24,51,64,3.15,broken clouds
282,Jiangyou,CN,2020-12-28 01:01:38,31.77,104.72,47.32,61,78,2.8,broken clouds
283,Mount Gambier,AU,2020-12-28 00:53:30,-37.83,140.77,62.6,48,96,13.87,overcast clouds
284,Upata,VE,2020-12-28 01:01:39,8.01,-62.4,80.01,79,15,3.0,few clouds
285,Dordrecht,NL,2020-12-28 01:01:39,51.81,4.67,39.0,94,0,3.0,clear sky
286,Hongjiang,CN,2020-12-28 01:01:39,27.11,110.0,53.42,76,85,1.25,overcast clouds
287,Naze,JP,2020-12-28 01:01:39,28.37,129.48,69.8,72,75,12.75,broken clouds
288,Itacarambi,BR,2020-12-28 01:01:39,-15.1,-44.09,72.07,68,20,3.15,few clouds
289,Eyl,SO,2020-12-28 01:01:40,7.98,49.82,75.15,70,21,19.24,few clouds
290,Pisco,PE,2020-12-28 00:54:02,-13.7,-76.22,69.8,83,75,16.11,broken clouds
291,Wattegama,LK,2020-12-28 01:01:40,6.8,81.48,71.6,100,20,1.12,few clouds
292,Monze,ZM,2020-12-28 01:01:41,-16.28,27.48,67.19,93,77,4.61,light rain
293,Vredendal,ZA,2020-12-28 01:01:41,-31.67,18.5,57.43,81,0,2.89,clear sky
294,Yantal,RU,2020-12-28 01:01:41,56.85,105.25,-31.88,80,100,2.15,overcast clouds
295,Nizhniy Kuranakh,RU,2020-12-28 01:01:41,58.84,125.49,-25.92,81,100,8.43,overcast clouds
296,Upernavik,GL,2020-12-28 00:53:55,72.79,-56.15,18.34,81,100,9.13,overcast clouds
297,Madisonville,US,2020-12-28 00:59:11,37.33,-87.5,57.2,28,90,13.87,overcast clouds
298,Muzhi,RU,2020-12-28 01:01:42,65.37,64.67,-16.28,88,100,13.71,light snow
299,Dabra,IN,2020-12-28 01:01:42,25.9,78.33,51.24,62,0,8.12,clear sky
300,Rayong,TH,2020-12-28 01:01:42,12.83,101.43,77.0,96,49,1.57,scattered clouds
301,Tandil,AR,2020-12-28 01:00:03,-37.32,-59.13,73.99,76,40,1.99,scattered clouds
302,Vila Velha,BR,2020-12-28 00:53:27,-20.33,-40.29,77.0,88,20,9.17,few clouds
303,Rosita,NI,2020-12-28 01:01:43,13.93,-84.4,72.21,77,99,4.99,overcast clouds
304,Lahij,YE,2020-12-28 01:01:43,13.17,44.58,68.4,75,61,8.16,broken clouds
305,Tahta,EG,2020-12-28 01:01:44,26.77,31.5,51.8,71,0,4.7,clear sky
306,Porto Belo,BR,2020-12-28 01:01:30,-27.16,-48.55,75.2,78,75,10.29,broken clouds
307,Taksimo,RU,2020-12-28 01:01:44,56.34,114.88,-22.76,78,95,3.8,overcast clouds
308,Kavaratti,IN,2020-12-28 00:54:22,10.57,72.64,81.48,65,0,7.83,clear sky
309,Namtsy,RU,2020-12-28 01:01:44,62.72,129.67,-47.2,57,100,2.24,mist
310,Russell,US,2020-12-28 00:55:00,32.35,-85.2,48.2,76,1,3.36,clear sky
311,San Fernando,PH,2020-12-28 01:01:45,15.03,120.69,75.2,88,75,2.24,broken clouds
312,Bilma,NE,2020-12-28 00:54:22,18.69,12.92,58.15,36,0,4.65,clear sky
313,Sabha,LY,2020-12-28 00:58:04,27.04,14.43,44.08,57,19,4.36,few clouds
314,Hovd,MN,2020-12-28 01:01:46,48.01,91.64,-6.86,81,0,1.72,clear sky
315,Khatanga,RU,2020-12-28 00:54:03,71.97,102.5,-22.45,86,100,14.16,overcast clouds
316,Ugoofaaru,MV,2020-12-28 01:01:46,5.67,73.0,81.14,74,56,6.22,light rain
317,Tinskoy,RU,2020-12-28 01:01:47,56.15,96.92,-35.88,80,0,1.54,clear sky
318,Panaba,MX,2020-12-28 01:01:47,21.28,-88.27,64.92,89,0,7.63,clear sky
319,Okhotsk,RU,2020-12-28 01:01:47,59.38,143.3,-29.61,74,0,15.66,clear sky
320,Marawi,PH,2020-12-28 00:54:33,8.0,124.29,78.33,73,30,0.34,moderate rain
321,Nuuk,GL,2020-12-28 00:58:24,64.18,-51.72,55.4,47,100,10.29,light rain
322,Sao Filipe,CV,2020-12-28 00:54:14,14.9,-24.5,75.04,76,81,6.46,broken clouds
323,Batticaloa,LK,2020-12-28 00:54:34,7.71,81.69,77.63,86,100,6.96,moderate rain
324,Vestmannaeyjar,IS,2020-12-28 00:54:55,63.44,-20.27,36.23,79,0,29.3,clear sky
325,Roald,NO,2020-12-28 01:01:48,62.58,6.13,45.0,52,100,9.17,overcast clouds
326,Arlit,NE,2020-12-28 01:01:48,18.74,7.39,61.45,29,0,5.01,clear sky
327,Kang,BW,2020-12-28 01:01:49,-23.68,22.79,77.38,48,100,6.04,overcast clouds
328,Osoyoos,CA,2020-12-28 01:00:43,49.03,-119.45,33.8,86,100,3.36,overcast clouds
329,Malanje,AO,2020-12-28 00:51:28,-9.54,16.34,66.24,89,100,5.53,overcast clouds
330,Adrar,MR,2020-12-28 00:53:35,20.5,-10.07,69.4,26,100,3.8,overcast clouds
331,Havre-Saint-Pierre,CA,2020-12-28 00:55:00,50.23,-63.6,15.8,72,90,10.29,overcast clouds
332,Araguari,BR,2020-12-28 01:01:50,-18.65,-48.19,69.06,86,100,3.83,overcast clouds
333,Ati,TD,2020-12-28 01:01:50,13.22,18.34,69.15,23,0,11.77,clear sky
334,Maniitsoq,GL,2020-12-28 01:01:51,65.42,-52.9,40.32,87,100,24.49,light rain
335,Ekibastuz,KZ,2020-12-28 01:01:51,51.67,75.37,-0.6,78,0,8.61,clear sky
336,Lompoc,US,2020-12-28 00:53:53,34.64,-120.46,57.2,67,1,12.75,clear sky
337,Takoradi,GH,2020-12-28 01:01:51,4.88,-1.76,79.23,86,9,7.38,clear sky
338,Sistranda,NO,2020-12-28 01:01:51,63.73,8.83,44.6,52,0,29.97,clear sky
339,Valer,NO,2020-12-28 01:01:52,60.68,11.83,33.01,94,90,8.05,light snow
340,Alofi,NU,2020-12-28 00:54:12,-19.06,-169.92,82.4,83,75,9.17,shower rain
341,Raahe,FI,2020-12-28 00:57:22,64.68,24.48,30.2,86,90,17.22,light snow
342,Nehe,CN,2020-12-28 01:01:53,48.48,124.83,-12.3,83,2,7.74,clear sky
343,Humboldt,US,2020-12-28 01:01:53,40.67,-123.92,48.99,93,1,11.41,clear sky
344,Kaohsiung,TW,2020-12-28 00:57:06,22.62,120.31,71.6,73,40,4.7,scattered clouds
345,Balsas,BR,2020-12-28 00:59:18,-7.53,-46.04,77.16,72,36,2.91,scattered clouds
346,Samarai,PG,2020-12-28 00:53:51,-10.62,150.67,86.83,71,71,16.08,broken clouds
347,Fortuna,US,2020-12-28 00:54:31,40.6,-124.16,48.99,93,1,11.41,clear sky
348,Muroto,JP,2020-12-28 00:54:34,33.28,134.15,55.4,62,40,20.8,scattered clouds
349,Changji,CN,2020-12-28 01:01:54,44.02,87.32,8.6,92,75,2.24,light snow
350,Kidal,ML,2020-12-28 00:59:26,18.44,1.41,61.74,28,0,8.84,clear sky
351,Caninde,BR,2020-12-28 01:00:37,-4.36,-39.31,75.74,75,1,3.11,clear sky
352,California City,US,2020-12-28 01:01:55,35.13,-117.99,55.4,57,40,5.82,scattered clouds
353,Maputo,MZ,2020-12-28 01:01:55,-25.97,32.59,80.6,88,20,5.82,light rain
354,Jawhar,SO,2020-12-28 01:01:55,2.78,45.5,72.32,81,54,12.06,broken clouds
355,Deputatskiy,RU,2020-12-28 01:01:55,69.3,139.9,-18.22,88,100,8.03,overcast clouds
356,Ponta Delgada,PT,2020-12-28 00:54:30,37.73,-25.67,53.6,76,75,6.93,light intensity shower rain
357,Marsa Matruh,EG,2020-12-28 00:54:20,31.35,27.25,53.6,93,0,4.7,clear sky
358,Kasongo,CD,2020-12-28 01:01:01,-4.45,26.67,68.43,100,100,5.97,moderate rain
359,Belgrade,RS,2020-12-28 01:00:03,44.8,20.47,42.8,81,0,21.92,clear sky
360,Saint-Philippe,RE,2020-12-28 00:53:28,-21.36,55.77,77.0,78,0,3.36,clear sky
361,Grand Baie,MU,2020-12-28 01:01:56,-20.02,57.58,75.99,86,68,7.0,moderate rain
362,Vao,NC,2020-12-28 00:54:29,-22.67,167.48,77.31,76,4,11.41,clear sky
363,Assiniboia,CA,2020-12-28 01:01:57,49.63,-105.98,19.4,85,100,11.41,overcast clouds
364,Bulgan,MN,2020-12-28 00:54:22,48.81,103.53,-15.9,81,1,2.37,clear sky
365,Basco,PH,2020-12-28 01:01:57,20.45,121.97,75.7,87,94,32.68,overcast clouds
366,Zeya,RU,2020-12-28 01:01:57,53.75,127.27,-25.17,74,14,2.28,few clouds
367,Riyadh,SA,2020-12-28 00:52:18,24.69,46.72,48.2,70,0,4.18,clear sky
368,Tigil,RU,2020-12-28 01:01:58,57.8,158.67,2.66,94,99,1.63,overcast clouds
369,Acarau,BR,2020-12-28 01:01:58,-2.89,-40.12,79.57,76,1,18.5,clear sky
370,Tilichiki,RU,2020-12-28 01:01:59,60.47,166.1,-4.16,91,100,13.24,overcast clouds
371,Port Macquarie,AU,2020-12-28 00:53:58,-31.43,152.92,84.0,74,100,1.01,moderate rain
372,Port Moresby,PG,2020-12-28 01:01:59,-9.44,147.18,87.8,62,5,5.82,haze
373,Bowen,AU,2020-12-28 01:01:59,-20.02,148.23,82.4,74,75,14.99,broken clouds
374,Antofagasta,CL,2020-12-28 00:53:40,-23.65,-70.4,68.0,72,40,8.05,scattered clouds
375,Mazamari,PE,2020-12-28 01:02:00,-11.33,-74.53,68.58,84,100,0.49,light rain
376,Neryungri,RU,2020-12-28 01:02:00,56.67,124.65,-29.72,81,100,7.87,overcast clouds
377,Salekhard,RU,2020-12-28 01:02:00,66.53,66.6,-24.54,85,100,19.77,light snow
378,Eureka,US,2020-12-28 00:55:13,40.8,-124.16,48.99,79,92,5.95,overcast clouds
379,Kushima,JP,2020-12-28 01:02:01,31.46,131.23,53.6,87,20,2.24,fog
380,Benghazi,LY,2020-12-28 00:54:06,32.12,20.07,60.98,59,46,9.35,scattered clouds
381,Port Hardy,CA,2020-12-28 00:58:23,50.7,-127.42,44.6,93,75,3.76,broken clouds
382,Bemidji,US,2020-12-28 01:01:15,47.47,-94.88,10.4,92,1,5.82,clear sky
383,Hauterive,FR,2020-12-28 01:02:01,46.09,3.45,44.6,80,0,18.34,clear sky
384,Zolotkovo,RU,2020-12-28 01:02:02,55.53,41.11,8.06,95,0,2.77,clear sky
385,Kopavogur,IS,2020-12-28 01:01:52,64.11,-21.91,33.8,69,75,25.28,shower rain
386,Nizhnevartovsk,RU,2020-12-28 01:02:02,60.93,76.55,-18.4,75,90,20.13,snow
387,Yanam,IN,2020-12-28 00:53:57,16.73,82.22,66.2,93,55,3.91,mist
388,Kedrovyy,RU,2020-12-28 01:02:03,56.17,91.82,-43.6,64,40,2.24,mist
389,Shache,CN,2020-12-28 00:56:15,38.42,77.24,27.09,84,100,2.39,snow
390,Praxedis Guerrero,MX,2020-12-28 01:02:04,31.37,-106.02,64.4,17,20,5.82,few clouds
391,Cap Malheureux,MU,2020-12-28 01:00:02,-19.98,57.61,75.99,86,25,7.0,moderate rain
392,Trinidad,BO,2020-12-28 01:02:04,-14.83,-64.9,74.05,98,100,5.26,moderate rain
393,Comodoro Rivadavia,AR,2020-12-28 00:55:30,-45.87,-67.5,73.4,69,40,5.82,scattered clouds
394,Moberly,US,2020-12-28 01:02:05,39.42,-92.44,37.99,72,11,4.0,few clouds
395,Mana,GF,2020-12-28 00:58:52,5.66,-53.78,78.03,87,9,9.6,clear sky
396,Porosozero,RU,2020-12-28 01:02:05,62.72,32.73,16.21,96,100,8.21,light snow
397,Mehran,IR,2020-12-28 01:02:06,33.12,46.16,41.0,44,75,2.24,broken clouds
398,Luena,AO,2020-12-28 01:00:24,-11.78,19.92,63.66,96,100,3.62,light rain
399,Mfou,CM,2020-12-28 01:02:06,3.72,11.64,71.6,100,75,2.24,broken clouds
400,Dingle,PH,2020-12-28 00:55:25,11.0,122.67,80.78,82,100,0.87,light rain
401,Koppies,ZA,2020-12-28 01:02:07,-27.24,27.57,69.17,52,1,1.59,clear sky
402,Chlorakas,CY,2020-12-28 01:02:07,34.8,32.41,51.8,66,100,9.17,overcast clouds
403,Sioux Lookout,CA,2020-12-28 00:54:13,50.1,-91.92,15.8,85,90,5.82,light snow
404,Baruun-Urt,MN,2020-12-28 00:54:41,46.68,113.28,-16.42,79,100,13.15,overcast clouds
405,Akot,IN,2020-12-28 01:02:08,21.1,77.06,60.82,57,0,1.54,clear sky
406,Kyren,RU,2020-12-28 01:02:08,51.68,102.14,-17.99,77,87,0.69,overcast clouds
407,Asau,RO,2020-12-28 01:02:09,46.43,26.4,35.01,80,100,2.37,overcast clouds
408,Wielun,PL,2020-12-28 01:02:09,51.22,18.57,33.01,74,99,15.82,overcast clouds
409,Cabra,ES,2020-12-28 01:02:09,37.47,-4.44,42.01,75,0,7.36,clear sky
410,Iquitos,PE,2020-12-28 01:02:09,-3.75,-73.25,77.0,88,0,2.24,clear sky
411,Bogorodskoye,RU,2020-12-28 01:02:10,56.55,37.88,5.97,93,22,3.44,few clouds
412,Port Hedland,AU,2020-12-28 00:54:22,-20.32,118.57,87.8,66,75,9.17,broken clouds
413,Haukipudas,FI,2020-12-28 01:02:11,65.18,25.35,30.2,86,90,17.22,light snow
414,Patterson,US,2020-12-28 01:02:11,37.47,-121.13,55.0,66,75,8.05,broken clouds
415,Yulara,AU,2020-12-28 00:59:25,-25.24,130.99,77.0,36,0,14.99,clear sky
416,Mazagao,BR,2020-12-28 00:59:00,-0.12,-51.29,80.6,88,75,3.36,light rain
417,Turukhansk,RU,2020-12-28 00:59:17,65.82,87.98,-36.04,81,2,5.01,clear sky
418,San Quintin,MX,2020-12-28 00:54:58,30.48,-115.95,60.33,75,99,13.35,overcast clouds
419,Seymchan,RU,2020-12-28 00:54:05,62.88,152.43,-32.13,82,99,2.08,overcast clouds
420,Waipawa,NZ,2020-12-28 01:02:12,-41.41,175.52,59.0,51,68,21.92,broken clouds
421,Suzun,RU,2020-12-28 01:02:13,53.78,82.31,-24.81,84,98,4.56,overcast clouds
422,Grand Valley,CA,2020-12-28 01:02:13,43.9,-80.32,28.99,86,100,13.87,overcast clouds
423,Carrboro,US,2020-12-28 01:01:00,35.91,-79.08,36.0,77,100,3.11,overcast clouds
424,Hirara,JP,2020-12-28 00:59:07,24.8,125.28,69.8,77,75,16.11,broken clouds
425,Kashi,CN,2020-12-28 00:53:36,39.45,75.98,19.4,85,75,6.71,light snow
426,North Bend,US,2020-12-28 00:54:53,43.41,-124.22,48.99,76,1,4.7,clear sky
427,Priargunsk,RU,2020-12-28 01:02:14,50.37,119.1,-26.9,83,0,2.24,clear sky
428,Bambari,CF,2020-12-28 01:02:14,5.77,20.68,75.43,38,78,1.41,broken clouds
429,Ustka,PL,2020-12-28 01:02:14,54.58,16.86,37.63,75,95,25.77,overcast clouds
430,Nacogdoches,US,2020-12-28 01:02:15,31.6,-94.63,64.4,72,40,3.36,scattered clouds
431,Saint-Joseph,RE,2020-12-28 01:02:15,-21.37,55.62,77.0,78,0,3.36,clear sky
432,Key West,US,2020-12-28 01:02:15,24.56,-81.78,66.2,82,40,8.05,scattered clouds
433,Rorvik,NO,2020-12-28 01:02:15,64.86,11.24,43.68,66,100,41.18,overcast clouds
434,Westport,US,2020-12-28 00:53:39,41.14,-73.36,35.6,55,1,11.41,clear sky
435,Steamboat Springs,US,2020-12-28 00:57:31,40.48,-106.83,30.2,73,75,3.36,broken clouds
436,Giyani,ZA,2020-12-28 01:02:16,-23.3,30.72,75.27,80,0,1.95,clear sky
437,Aripuana,BR,2020-12-28 00:59:45,-9.17,-60.63,70.77,99,100,0.65,moderate rain
438,Bonfim,BR,2020-12-28 01:02:16,3.08,-59.95,79.81,71,95,7.56,overcast clouds
439,Juneau,US,2020-12-28 00:55:49,58.3,-134.42,33.01,94,75,18.34,light snow
440,Bambanglipuro,ID,2020-12-28 01:00:50,-7.95,110.28,82.54,71,35,1.79,moderate rain
441,Gusau,NG,2020-12-28 01:02:17,12.16,6.66,64.49,28,60,8.93,broken clouds
442,Houston,US,2020-12-28 01:02:11,29.76,-95.36,68.0,77,90,13.87,overcast clouds
443,San Patricio,US,2020-12-28 00:53:42,28.02,-97.52,69.8,82,1,10.29,clear sky
444,Kaseda,JP,2020-12-28 01:02:17,31.42,130.32,53.6,87,20,2.24,fog
445,Waddan,LY,2020-12-28 01:02:18,29.16,16.14,48.27,53,0,3.47,clear sky
446,Vilyuysk,RU,2020-12-28 00:54:44,63.76,121.62,-3.64,92,100,7.67,light snow
447,Rawson,AR,2020-12-28 00:54:57,-43.3,-65.1,72.54,56,33,7.87,light rain
448,Kishni,IN,2020-12-28 01:02:19,27.02,79.26,53.65,44,0,4.7,clear sky
449,Charlestown,AU,2020-12-28 01:01:52,-32.95,151.67,84.0,56,87,11.01,overcast clouds
450,Novouzensk,RU,2020-12-28 01:02:20,50.46,48.14,15.87,96,0,5.99,clear sky
451,Gondanglegi,ID,2020-12-28 01:02:20,-7.75,112.01,80.85,81,100,5.86,overcast clouds
452,Tupaciguara,BR,2020-12-28 01:01:49,-18.59,-48.7,69.48,91,100,3.29,moderate rain
453,Fukue,JP,2020-12-28 00:54:06,32.69,128.84,55.4,71,20,12.75,few clouds
454,Chake Chake,TZ,2020-12-28 01:02:21,-5.25,39.77,78.01,83,93,10.49,overcast clouds
455,Zabol,AF,2020-12-28 01:02:21,32.25,67.25,22.8,85,0,8.46,clear sky
456,Mount Isa,AU,2020-12-28 00:53:18,-20.73,139.5,77.0,78,51,3.36,broken clouds
457,Young,UY,2020-12-28 01:02:21,-32.68,-57.63,77.45,49,5,9.75,clear sky
458,Mantua,IT,2020-12-28 01:02:22,45.17,10.78,34.0,92,100,5.01,light snow
459,Vammala,FI,2020-12-28 01:02:22,61.33,22.9,32.0,80,90,14.99,overcast clouds
460,Ilulissat,GL,2020-12-28 00:50:01,69.22,-51.1,28.4,63,100,2.24,overcast clouds
461,Hasaki,JP,2020-12-28 00:54:33,35.73,140.83,45.0,87,75,2.24,broken clouds
462,Cicero Dantas,BR,2020-12-28 01:02:23,-10.6,-38.38,69.12,89,88,8.14,overcast clouds
463,Catalca,TR,2020-12-28 01:02:23,41.14,28.46,57.2,62,0,10.29,clear sky
464,Benguela,AO,2020-12-28 01:02:23,-12.58,13.41,75.02,77,100,3.02,overcast clouds
465,Podbrdo,BA,2020-12-28 01:02:23,44.44,17.01,33.8,98,90,2.24,mist
466,Ilo,PE,2020-12-28 01:02:24,-17.64,-71.34,69.87,79,51,5.48,broken clouds
467,Inhambane,MZ,2020-12-28 00:51:34,-23.86,35.38,76.24,84,1,3.29,clear sky
468,Kismayo,SO,2020-12-28 00:58:32,-0.36,42.55,78.67,81,0,17.65,clear sky
469,Salalah,OM,2020-12-28 00:54:50,17.02,54.09,71.6,64,0,11.41,clear sky
470,Aswan,EG,2020-12-28 00:58:09,24.09,32.91,61.05,73,17,7.45,few clouds
471,Matara,LK,2020-12-28 00:54:24,5.95,80.54,74.5,90,14,3.24,few clouds
472,Ilhabela,BR,2020-12-28 01:02:25,-23.78,-45.36,74.97,87,100,3.04,overcast clouds
473,Noyabrsk,RU,2020-12-28 00:59:03,63.2,75.45,-19.64,87,100,25.41,overcast clouds
474,Swift Current,CA,2020-12-28 01:02:25,50.28,-107.8,17.6,92,90,12.75,light snow
475,Belmonte,BR,2020-12-28 01:02:26,-15.86,-38.88,77.0,78,40,8.05,scattered clouds
476,Lixourion,GR,2020-12-28 01:02:26,38.2,20.43,54.54,70,100,19.04,overcast clouds
477,Kumphawapi,TH,2020-12-28 01:02:26,17.11,103.01,75.0,94,0,2.35,mist
478,Veliki Preslav,BG,2020-12-28 01:02:26,43.17,26.82,48.72,89,95,9.71,overcast clouds
479,Neepawa,CA,2020-12-28 01:02:27,50.23,-99.47,10.4,85,90,11.41,light snow
480,Yerkoy,TR,2020-12-28 01:02:27,39.64,34.47,40.69,66,100,3.69,overcast clouds
481,Oskarshamn,SE,2020-12-28 01:02:27,57.26,16.45,37.99,79,100,11.01,overcast clouds
482,Tashara,RU,2020-12-28 01:02:28,55.52,83.51,-27.83,82,85,5.41,overcast clouds
483,Victor Harbor,AU,2020-12-28 01:02:28,-35.57,138.62,63.0,52,100,1.99,overcast clouds
484,Rensvik,NO,2020-12-28 01:02:28,63.1,7.82,44.6,45,100,27.51,overcast clouds
485,Port Blair,IN,2020-12-28 00:59:44,11.67,92.75,80.76,83,52,10.54,broken clouds
486,Fuxin,CN,2020-12-28 01:02:28,42.02,121.66,6.64,84,0,7.09,clear sky
487,Zemen,BG,2020-12-28 01:02:29,42.48,22.75,46.99,93,75,13.87,broken clouds
488,Horsham,GB,2020-12-28 01:02:29,51.06,-0.33,41.0,86,75,3.36,light rain
489,Benjamin Hill,MX,2020-12-28 01:02:29,30.17,-111.1,69.01,31,96,9.01,overcast clouds
490,Palu,ID,2020-12-28 01:02:29,-0.89,119.87,86.11,56,100,0.78,overcast clouds
491,Zhovtneve,UA,2020-12-28 01:02:30,50.66,24.25,35.2,87,100,16.96,overcast clouds
492,Aklavik,CA,2020-12-28 00:54:14,68.22,-135.01,-2.2,84,0,2.24,clear sky
493,Huejuquilla El Alto,MX,2020-12-28 01:02:30,22.6,-103.87,54.16,41,0,2.28,clear sky
494,Epe,NG,2020-12-28 01:02:31,6.58,3.98,75.72,89,32,3.33,scattered clouds
495,Shelburne,CA,2020-12-28 01:00:08,44.08,-80.2,30.0,93,100,15.97,overcast clouds
496,Puerto Del Rosario,ES,2020-12-28 01:02:31,28.5,-13.86,64.4,82,20,8.05,few clouds
497,Shonguy,RU,2020-12-28 01:02:31,68.75,33.15,-11.2,76,75,3.24,broken clouds
498,Oranjemund,NA,2020-12-28 01:02:32,-28.55,16.43,61.02,86,3,13.62,clear sky
499,Kaitong,CN,2020-12-28 01:02:32,44.81,123.15,5.23,83,100,5.61,overcast clouds
500,La Baule-Escoublac,FR,2020-12-28 01:02:32,47.29,-2.36,43.0,81,0,11.41,clear sky
501,Zhicheng,CN,2020-12-28 01:02:32,30.3,111.5,46.0,84,81,4.36,broken clouds
502,Nortelandia,BR,2020-12-28 01:02:33,-14.45,-56.8,73.13,89,100,3.47,light rain
503,Jatai,BR,2020-12-28 01:02:16,-17.88,-51.71,71.17,88,74,4.7,moderate rain
504,Rugby,GB,2020-12-28 01:01:15,52.37,-1.26,35.01,96,11,8.52,few clouds
505,Camacha,PT,2020-12-28 00:54:08,33.08,-16.33,59.0,72,40,4.7,scattered clouds
506,Goya,AR,2020-12-28 01:02:34,-29.14,-59.26,79.09,52,0,5.61,clear sky
507,Koran,BA,2020-12-28 01:02:34,43.81,18.57,37.4,100,75,10.29,mist
508,Hagere Selam,ET,2020-12-28 01:02:34,6.48,38.52,43.38,62,0,3.8,clear sky
509,Yen Bai,VN,2020-12-28 01:02:34,21.7,104.87,69.22,82,81,0.72,broken clouds
510,Kazanka,UA,2020-12-28 01:02:35,47.85,32.82,30.2,80,0,13.42,clear sky
511,Borovoy,RU,2020-12-28 01:02:35,55.43,86.08,-36.4,73,17,2.24,few clouds
512,Shahrud,IR,2020-12-28 01:02:35,36.42,54.98,29.53,78,0,0.96,clear sky
513,Swan Hill,AU,2020-12-28 01:02:35,-35.34,143.55,67.6,26,27,15.12,scattered clouds
514,Penukonda,IN,2020-12-28 01:02:36,14.08,77.58,60.46,78,1,3.83,clear sky
515,Rawah,IQ,2020-12-28 01:02:36,34.48,41.91,43.5,54,0,2.44,clear sky
516,Sokoni,TZ,2020-12-28 01:02:36,-6.43,39.55,81.16,80,77,16.75,broken clouds
517,Jieshi,CN,2020-12-28 01:02:36,22.81,115.83,66.0,76,43,1.01,scattered clouds
518,Sturgis,US,2020-12-28 01:02:36,41.8,-85.42,44.6,70,90,10.29,light rain
519,Hastings,GB,2020-12-28 01:02:37,50.86,0.57,39.99,84,100,2.28,overcast clouds
520,Najran,SA,2020-12-28 00:58:16,17.49,44.13,48.2,57,0,0.4,clear sky
521,Woodward,US,2020-12-28 01:02:37,36.43,-99.39,44.6,65,1,6.93,clear sky
522,Diamantino,BR,2020-12-28 01:02:38,-14.41,-56.45,72.93,84,100,4.32,moderate rain
523,Erdenet,MN,2020-12-28 00:58:05,49.03,104.08,-19.48,86,64,3.2,broken clouds
524,Winnemucca,US,2020-12-28 01:02:38,40.97,-117.74,35.6,55,1,11.41,clear sky
525,Egvekinot,RU,2020-12-28 00:58:11,66.32,-179.17,-4.52,85,7,26.75,clear sky
526,Marigot,MF,2020-12-28 01:01:04,18.07,-63.08,78.8,78,20,5.82,few clouds
527,Saintes,FR,2020-12-28 01:00:08,45.67,-0.75,44.6,87,99,13.87,overcast clouds
528,Konevo,RU,2020-12-28 01:02:39,62.12,39.32,-0.33,92,4,4.76,clear sky
529,Byron Bay,AU,2020-12-28 01:00:03,-28.65,153.62,86.0,58,0,12.75,clear sky
530,Namatanai,PG,2020-12-28 00:54:05,-3.67,152.43,86.13,61,97,6.85,overcast clouds
531,Verkhoyansk,RU,2020-12-28 01:02:39,67.54,133.38,-5.57,90,100,0.58,light snow
532,Vardo,NO,2020-12-28 00:53:39,70.37,31.11,26.35,89,100,23.11,overcast clouds
533,Muros,ES,2020-12-28 00:54:02,42.78,-9.06,48.0,81,86,13.0,light rain
534,Kahului,US,2020-12-28 00:54:12,20.89,-156.47,87.8,38,20,20.8,few clouds
535,Concepcion,CL,2020-12-28 01:02:40,-36.83,-73.05,59.0,87,0,8.05,clear sky
536,Goderich,CA,2020-12-28 01:02:41,43.75,-81.72,33.8,69,100,13.87,overcast clouds
537,Pangnirtung,CA,2020-12-28 00:54:31,66.15,-65.71,17.46,86,100,25.14,overcast clouds
538,Balrampur,IN,2020-12-28 01:02:41,27.43,82.18,50.45,59,0,4.0,clear sky
539,Geraldton,AU,2020-12-28 00:55:13,-28.77,114.6,89.6,19,0,25.28,clear sky
540,Klaksvik,FO,2020-12-28 00:58:35,62.23,-6.59,37.4,86,100,42.5,light snow
541,Hamilton,US,2020-12-28 00:49:23,39.18,-84.53,51.8,71,20,12.75,few clouds
542,Sarh,TD,2020-12-28 01:02:42,9.14,18.39,73.4,43,0,9.17,clear sky
543,Avera,US,2020-12-28 00:54:45,33.19,-82.53,43.0,60,1,6.42,clear sky
544,San Carlos De Bariloche,AR,2020-12-28 01:02:43,-41.15,-71.31,66.2,45,20,20.8,few clouds
545,Thabazimbi,ZA,2020-12-28 01:02:43,-24.59,27.41,78.12,51,99,8.61,overcast clouds
546,Zubtsov,RU,2020-12-28 01:02:43,56.18,34.59,19.38,97,100,6.89,overcast clouds
547,Moose Factory,CA,2020-12-28 00:55:09,51.26,-80.61,-0.4,77,20,5.82,light snow
548,New Iberia,US,2020-12-28 01:01:34,30.0,-91.82,57.2,81,1,6.93,clear sky
549,Almaznyy,RU,2020-12-28 01:02:44,48.04,40.05,21.2,92,20,6.71,few clouds
550,Kibre Mengist,ET,2020-12-28 00:59:34,5.88,38.98,49.77,53,3,3.6,clear sky
551,Conde,BR,2020-12-28 01:02:44,-7.26,-34.91,78.8,83,40,11.41,scattered clouds
552,Kutum,SD,2020-12-28 00:59:58,14.2,24.67,55.67,38,0,4.68,clear sky
553,Vila Franca Do Campo,PT,2020-12-28 00:54:50,37.72,-25.43,53.6,76,75,6.93,light intensity shower rain
554,Lac Du Bonnet,CA,2020-12-28 01:02:46,50.25,-96.06,5.0,77,80,12.75,broken clouds
555,Abu Dhabi,AE,2020-12-28 00:51:49,24.47,54.37,64.4,55,0,5.82,clear sky
556,Farmington,US,2020-12-28 00:54:49,36.73,-108.22,35.6,43,90,3.36,overcast clouds
557,Verkhnevilyuysk,RU,2020-12-28 00:58:09,63.45,120.32,-3.44,92,100,6.67,overcast clouds
558,San Rafael Del Sur,NI,2020-12-28 01:02:46,11.85,-86.44,78.8,74,0,6.93,clear sky
559,Tonekabon,IR,2020-12-28 01:02:46,36.82,50.87,39.2,86,0,0.76,clear sky
560,Verkhovazhye,RU,2020-12-28 01:02:47,60.75,42.05,-3.86,90,0,2.89,clear sky
561,Vostok,RU,2020-12-28 00:53:16,46.49,135.88,-6.92,83,0,3.38,clear sky
562,Tateyama,JP,2020-12-28 00:54:45,34.98,139.87,50.0,87,75,4.7,light rain
563,El Paujil,CO,2020-12-28 01:02:47,1.57,-75.33,75.42,82,35,4.32,light rain
564,Rocha,UY,2020-12-28 00:53:31,-34.48,-54.33,67.39,94,39,10.2,scattered clouds
565,Seoul,KR,2020-12-28 00:54:18,37.57,126.98,39.2,100,1,2.26,mist
566,Manali,IN,2020-12-28 01:02:48,13.17,80.27,73.4,88,40,2.24,mist
567,Tautira,PF,2020-12-28 01:02:48,-17.73,-149.15,86.0,66,40,10.29,scattered clouds
568,Mount Darwin,ZW,2020-12-28 01:02:48,-16.77,31.58,68.22,94,34,3.67,scattered clouds
569,Dunedin,NZ,2020-12-28 00:53:56,-45.87,170.5,56.86,62,34,15.82,scattered clouds
570,La Ronge,CA,2020-12-28 00:59:42,55.1,-105.28,1.4,77,90,3.36,light snow
571,Ripoll,ES,2020-12-28 01:02:49,42.2,2.19,42.01,64,0,1.01,clear sky
572,Bodden Town,KY,2020-12-28 01:02:49,19.28,-81.25,75.2,69,20,9.17,few clouds
573,Brae,GB,2020-12-28 00:59:35,60.4,-1.35,35.6,70,100,2.24,overcast clouds
574,Saint George,US,2020-12-28 00:53:55,37.1,-113.58,46.4,52,90,9.17,overcast clouds
575,Mariental,NA,2020-12-28 01:02:50,-24.63,17.97,91.4,10,97,11.41,overcast clouds
576,Galesong,ID,2020-12-28 00:53:55,-5.32,119.37,80.6,88,20,5.82,few clouds
577,Tutoia,BR,2020-12-28 00:54:56,-2.76,-42.27,81.72,72,99,18.25,overcast clouds
578,Svetlyy,RU,2020-12-28 00:53:37,54.67,20.13,30.2,80,0,15.66,clear sky
579,Gallup,US,2020-12-28 01:02:51,35.53,-108.74,37.4,40,90,11.41,overcast clouds
580,Kenai,US,2020-12-28 00:53:41,60.55,-151.26,32.0,86,90,11.41,overcast clouds
581,Muravlenko,RU,2020-12-28 01:02:52,63.79,74.52,-19.28,88,100,23.17,overcast clouds
582,Helena,US,2020-12-28 00:54:44,46.59,-112.04,33.8,47,1,10.29,clear sky
583,Olinda,BR,2020-12-28 00:59:52,-8.01,-34.86,78.8,69,40,8.05,scattered clouds
584,Salur,IN,2020-12-28 01:02:52,18.53,83.22,61.0,65,35,2.64,scattered clouds
585,Queanbeyan,AU,2020-12-28 01:02:53,-35.35,149.23,84.2,42,40,18.34,scattered clouds
586,Asyut,EG,2020-12-28 01:02:53,27.18,31.18,48.2,87,0,4.7,clear sky
587,Salinas,US,2020-12-28 00:58:02,36.68,-121.66,57.2,62,1,11.41,clear sky
588,Tonota,BW,2020-12-28 01:02:53,-21.48,27.48,72.16,74,99,4.68,overcast clouds
589,Ayan,RU,2020-12-28 00:59:40,56.45,138.17,-26.16,74,10,13.13,clear sky
590,Kubachi,RU,2020-12-28 01:02:54,42.09,47.6,29.08,83,0,5.48,clear sky
591,Karpogory,RU,2020-12-28 01:02:54,64.0,44.45,-8.41,90,0,2.98,clear sky
592,Wakkanai,JP,2020-12-28 01:02:54,45.41,141.67,14.0,78,75,4.7,shower rain
593,Sao Jose Do Egito,BR,2020-12-28 01:02:54,-7.48,-37.27,70.43,76,2,15.3,clear sky
594,Whitehorse,CA,2020-12-28 01:02:54,60.72,-135.05,12.2,92,40,9.17,scattered clouds
595,Sagua La Grande,CU,2020-12-28 01:02:55,22.81,-80.08,66.2,88,40,5.82,moderate rain
596,Ambilobe,MG,2020-12-28 01:02:55,-13.2,49.05,75.29,89,100,0.96,overcast clouds
597,Tobol,KZ,2020-12-28 01:02:55,52.68,62.58,15.87,95,100,17.49,overcast clouds
598,Wagar,SD,2020-12-28 01:02:56,16.15,36.2,70.5,64,1,12.01,clear sky
599,Miraflores,MX,2020-12-28 01:02:56,19.22,-98.81,69.01,12,5,11.41,clear sky
600,Damaturu,NG,2020-12-28 01:02:56,11.75,11.96,66.99,25,49,9.64,scattered clouds
601,Balancan,MX,2020-12-28 01:02:56,17.8,-91.53,63.75,85,13,2.95,few clouds
602,Ambon,ID,2020-12-28 00:59:16,-3.7,128.18,87.8,70,20,2.24,few clouds
603,Ngunguru,NZ,2020-12-28 00:59:02,-35.62,174.5,72.0,44,18,8.01,few clouds
604,Sidi Ali,DZ,2020-12-28 01:02:57,36.1,0.42,48.15,70,0,14.99,clear sky
605,Komsomolskiy,UZ,2020-12-28 00:53:47,40.43,71.72,26.6,92,90,4.7,mist
606,Oranjestad,AW,2020-12-28 00:50:41,12.52,-70.03,80.6,74,40,11.41,scattered clouds
607,Christchurch,NZ,2020-12-28 00:59:35,-43.53,172.63,64.0,33,0,3.36,clear sky
608,San Ramon De La Nueva Oran,AR,2020-12-28 01:00:49,-23.13,-64.33,84.0,67,100,4.45,light rain
609,Metro,ID,2020-12-28 01:02:41,-5.11,105.31,78.33,86,100,3.0,overcast clouds
610,Lasa,IT,2020-12-28 00:54:53,46.62,10.7,28.99,52,75,8.05,broken clouds
611,Dwarka,IN,2020-12-28 00:53:22,22.24,68.97,64.87,36,0,11.36,clear sky
612,Manjacaze,MZ,2020-12-28 01:02:59,-24.71,33.88,73.78,89,0,4.34,clear sky
613,Hambantota,LK,2020-12-28 00:53:38,6.12,81.12,71.6,100,20,1.12,few clouds
614,San Cristobal,VE,2020-12-28 00:54:05,7.77,-72.22,77.0,69,20,2.24,few clouds
615,Aneho,TG,2020-12-28 01:02:59,6.23,1.6,80.6,88,20,4.7,few clouds
616,Ngorongoro,TZ,2020-12-28 01:03:00,-3.24,35.49,52.18,100,100,3.65,overcast clouds
617,Berlevag,NO,2020-12-28 00:55:15,70.86,29.09,25.38,90,100,27.49,overcast clouds
618,Lusambo,CD,2020-12-28 01:03:00,-4.97,23.45,70.47,97,100,2.53,light rain
619,Ranong,TH,2020-12-28 01:03:01,9.97,98.63,75.2,94,75,3.6,broken clouds
620,Kirakira,SB,2020-12-28 01:03:01,-10.45,161.92,83.89,76,100,4.5,moderate rain
621,Show Low,US,2020-12-28 00:58:04,34.25,-110.03,48.2,19,90,9.17,overcast clouds
622,Juruti,BR,2020-12-28 01:03:02,-2.15,-56.09,75.74,91,100,4.18,moderate rain
623,Shalinskoye,RU,2020-12-28 01:03:02,55.72,93.76,-32.49,82,0,2.51,clear sky
624,Emba,KZ,2020-12-28 00:59:00,48.83,58.14,25.0,97,100,18.16,overcast clouds
625,Lodja,CD,2020-12-28 01:03:02,-3.48,23.43,69.82,97,100,1.07,moderate rain
626,Sampit,ID,2020-12-28 01:03:03,-2.53,112.95,81.82,79,64,2.68,light rain
627,Rockport,US,2020-12-28 01:03:03,28.02,-97.05,68.0,77,1,9.17,clear sky
628,Zorritos,PE,2020-12-28 01:03:03,-3.68,-80.68,73.24,73,100,12.48,overcast clouds
629,Shchebetovka,UA,2020-12-28 01:03:03,44.93,35.15,41.52,98,76,8.1,broken clouds
630,Talas,TR,2020-12-28 01:03:03,38.69,35.55,26.6,86,100,4.83,overcast clouds
631,Moron,AR,2020-12-28 01:03:04,-34.65,-58.62,79.0,70,100,5.01,overcast clouds
632,Martapura,ID,2020-12-28 01:03:04,-3.42,114.85,82.4,78,40,4.7,scattered clouds
633,Cumnock,GB,2020-12-28 01:03:04,55.45,-4.27,37.4,86,90,10.29,light rain
634,Soyo,AO,2020-12-28 01:03:05,-6.13,12.37,77.49,87,100,5.32,overcast clouds
635,Scarborough,GB,2020-12-28 01:03:05,54.28,-0.4,35.01,91,97,1.01,overcast clouds
636,Ivanivka,UA,2020-12-28 01:03:05,46.72,34.55,33.8,91,33,15.48,scattered clouds
637,Zhengjiatun,CN,2020-12-28 01:03:05,43.51,123.51,1.15,86,63,7.7,broken clouds
638,Mitsamiouli,KM,2020-12-28 01:03:05,-11.38,43.28,82.09,77,100,11.25,overcast clouds
639,Boa Vista,BR,2020-12-28 01:01:03,2.82,-60.67,80.6,74,75,8.05,broken clouds
640,Kangasala,FI,2020-12-28 01:03:06,61.46,24.08,32.0,80,90,14.99,overcast clouds
641,Kirya,TZ,2020-12-28 01:03:06,-3.92,37.48,69.26,64,15,1.99,few clouds
642,Waycross,US,2020-12-28 01:03:06,31.21,-82.35,41.0,60,1,5.12,clear sky
643,Imbituba,BR,2020-12-28 00:59:29,-28.24,-48.67,73.4,88,75,5.82,broken clouds
644,Nago,JP,2020-12-28 01:03:07,26.59,127.98,68.0,82,90,6.93,light rain
645,Mwaya,TZ,2020-12-28 01:03:07,-9.55,33.95,75.61,77,100,1.32,light rain
646,Barmer,IN,2020-12-28 01:03:07,25.75,71.38,44.17,45,0,4.36,clear sky
647,Mnogovershinnyy,RU,2020-12-28 01:03:07,53.94,139.92,-26.07,83,100,5.55,overcast clouds
648,Sikasso,ML,2020-12-28 00:59:10,10.92,-7.0,70.72,23,0,5.26,clear sky
649,Fort Nelson,CA,2020-12-28 00:54:56,58.81,-122.7,-4.0,83,75,5.82,broken clouds
650,Chalmette,US,2020-12-28 01:03:08,29.94,-89.96,57.99,82,90,5.82,overcast clouds
651,Bonthe,SL,2020-12-28 01:03:08,7.53,-12.51,78.67,87,7,6.44,clear sky
652,Seydi,TM,2020-12-28 00:54:33,39.48,62.91,27.41,95,0,8.34,clear sky
653,Micheweni,TZ,2020-12-28 01:03:08,-4.97,39.83,80.71,79,65,13.38,broken clouds
654,Qovlar,AZ,2020-12-28 01:03:09,40.95,45.73,32.0,72,20,6.93,few clouds
655,San Felipe,VE,2020-12-28 01:03:09,10.34,-68.74,69.94,93,61,2.68,broken clouds
656,Jackson,US,2020-12-28 00:52:47,42.42,-122.83,39.2,80,1,4.7,clear sky
657,Coracora,PE,2020-12-28 01:03:09,-15.03,-73.78,46.98,84,100,7.31,light rain
658,Piploda,IN,2020-12-28 01:03:09,23.35,75.43,50.4,40,45,7.18,scattered clouds
659,Panguipulli,CL,2020-12-28 00:58:35,-39.63,-72.33,62.6,82,1,4.7,clear sky
660,Gyonk,HU,2020-12-28 01:03:10,46.56,18.48,33.01,91,78,7.4,broken clouds
661,Skelleftea,SE,2020-12-28 01:03:10,64.75,20.95,35.01,100,100,13.87,light snow
662,Waiuku,NZ,2020-12-28 01:03:10,-37.25,174.75,66.99,52,0,16.11,clear sky
663,San Policarpo,PH,2020-12-28 00:55:01,12.18,125.51,81.88,81,98,6.04,heavy intensity rain
664,Bani Walid,LY,2020-12-28 01:03:11,31.76,13.99,45.5,57,0,8.43,clear sky
665,Raudeberg,NO,2020-12-28 01:03:11,61.99,5.14,44.01,65,67,18.77,broken clouds
666,Sanmenxia,CN,2020-12-28 01:03:11,34.77,111.18,40.55,66,3,3.29,clear sky
667,Kuching,MY,2020-12-28 00:59:43,1.55,110.33,80.6,88,20,2.24,few clouds
668,Berdigestyakh,RU,2020-12-28 00:58:59,62.1,126.7,-25.17,84,100,7.0,overcast clouds
669,Gat,IL,2020-12-28 00:54:26,31.61,34.76,57.0,59,1,1.99,clear sky
670,Flin Flon,CA,2020-12-28 01:03:12,54.77,-101.86,-11.2,76,5,4.7,clear sky
671,Tomatlan,MX,2020-12-28 00:54:39,19.93,-105.25,65.88,91,0,2.64,clear sky
672,Nagato,JP,2020-12-28 01:03:12,34.38,131.2,52.0,93,20,2.24,few clouds
673,Bellview,US,2020-12-28 01:01:28,30.46,-87.31,55.99,66,1,9.17,clear sky
674,Cruzeiro Do Sul,BR,2020-12-28 00:59:32,-29.51,-51.99,71.01,89,79,1.39,broken clouds
675,Aromashevo,RU,2020-12-28 01:03:13,56.86,68.64,14.58,95,100,16.33,light snow
676,Itanhem,BR,2020-12-28 01:03:13,-17.17,-40.33,68.95,88,13,6.51,light rain
677,Saint John,CA,2020-12-28 01:00:23,45.27,-66.07,24.8,92,5,3.74,clear sky
678,Ulaangom,MN,2020-12-28 00:59:50,49.98,92.07,-18.36,84,96,2.1,overcast clouds
679,Tando Jam,PK,2020-12-28 01:03:14,25.43,68.54,49.21,36,0,6.4,clear sky
680,Damietta,EG,2020-12-28 01:03:14,31.42,31.81,60.8,77,0,6.93,clear sky
681,Teguldet,RU,2020-12-28 00:59:54,57.31,88.17,-33.14,82,0,4.18,clear sky
682,Barahona,DO,2020-12-28 01:03:14,18.21,-71.1,75.25,76,22,3.58,light rain
683,Touho,NC,2020-12-28 01:03:14,-20.78,165.23,79.45,78,65,13.02,broken clouds
684,Boende,CD,2020-12-28 01:03:15,-0.22,20.87,70.66,97,100,1.68,light rain
685,Boca Do Acre,BR,2020-12-28 01:03:15,-8.75,-67.4,72.37,98,100,2.35,overcast clouds
686,Guiratinga,BR,2020-12-28 01:03:15,-16.35,-53.76,74.28,83,100,3.78,overcast clouds
687,Trincomalee,LK,2020-12-28 01:03:15,8.57,81.23,79.7,83,98,14.07,moderate rain
688,Buala,SB,2020-12-28 00:54:31,-8.14,159.59,84.07,74,97,4.63,moderate rain
689,Akdepe,TM,2020-12-28 00:54:16,42.06,59.38,12.2,85,0,2.24,clear sky
690,Loughrea,IE,2020-12-28 01:03:16,53.2,-8.57,42.8,87,75,17.22,broken clouds
691,The Valley,AI,2020-12-28 00:54:30,18.22,-63.06,78.8,78,20,5.82,few clouds
692,Agua Verde,MX,2020-12-28 01:03:16,22.9,-106.05,73.4,64,5,8.05,clear sky
693,Laiyang,CN,2020-12-28 01:03:17,36.98,120.71,34.0,85,98,5.26,overcast clouds
694,Porto Nacional,BR,2020-12-28 01:03:17,-10.71,-48.42,77.0,94,20,4.7,light rain
695,Hoa Binh,VN,2020-12-28 01:02:22,20.81,105.34,68.0,94,75,6.93,mist
696,Baghdad,IQ,2020-12-28 01:03:17,33.34,44.4,50.0,53,0,3.36,clear sky
697,Itoman,JP,2020-12-28 01:03:17,26.12,127.67,68.0,82,75,10.29,broken clouds
698,Santa Rosa,PH,2020-12-28 00:50:45,14.31,121.11,79.0,88,75,3.36,broken clouds
699,Fare,PF,2020-12-28 00:55:28,-16.7,-151.02,81.61,67,3,6.82,clear sky
700,Robertsport,LR,2020-12-28 01:03:18,6.75,-11.37,80.17,83,61,8.88,broken clouds
701,Abyek,IR,2020-12-28 01:03:18,36.07,50.55,28.4,68,0,1.1,clear sky
702,Celestun,MX,2020-12-28 00:53:59,20.87,-90.4,69.55,80,0,12.86,clear sky
703,Skive,DK,2020-12-28 01:03:19,56.57,9.03,37.99,93,100,9.17,light rain
704,Kloulklubed,PW,2020-12-28 00:55:16,7.04,134.26,78.8,88,90,3.36,overcast clouds
705,Binga,ZW,2020-12-28 01:03:19,-17.62,27.34,74.19,80,99,1.01,light rain
706,Bilibino,RU,2020-12-28 00:55:17,68.05,166.44,-23.6,80,0,0.69,clear sky
707,Collie,AU,2020-12-28 01:03:19,-33.37,116.15,64.99,47,0,3.0,clear sky
708,Manzhouli,CN,2020-12-28 01:03:20,49.6,117.43,-17.28,84,1,12.64,clear sky
709,Kawhia,NZ,2020-12-28 01:03:20,-38.07,174.82,71.01,41,29,7.0,scattered clouds
710,Prince Rupert,CA,2020-12-28 00:53:40,54.32,-130.32,41.0,86,90,2.24,overcast clouds
711,Cheney,US,2020-12-28 01:00:15,47.49,-117.58,30.99,100,75,8.05,broken clouds
712,Port Shepstone,ZA,2020-12-28 01:03:20,-30.74,30.45,72.18,84,100,8.7,light rain
713,Half Moon Bay,US,2020-12-28 00:54:49,37.46,-122.43,55.4,87,90,4.7,mist
